id,productDisplayName,gender,articleType,title,description,features,keywords,status,error
15970,Turtle Check Men Navy Blue Shirt,Men,Shirts,Stylish Turtle Check Men Navy Blue Shirt,"Elevate your wardrobe with the Turtle Check Men Navy Blue Shirt. Crafted from high-quality cotton, this shirt offers unparalleled comfort while making a bold fashion statement. The navy blue base is accented with classic check patterns, adding a touch of sophistication to your look. Its short sleeves and button-down collar make it perfect for both casual outings and semi-formal occasions. Pair it with jeans or chinos for a smart casual ensemble. The breathable fabric ensures all-day wear, keeping you cool and stylish, whether you're at a brunch or a night out with friends. Stand out in timeless style with this versatile piece that combines ease and elegance effortlessly.",Premium cotton fabric for ultimate comfort; Eye-catching navy blue with classic check pattern; Short sleeves for a relaxed fit; Button-down collar for a polished look; Perfect for casual and semi-formal occasions; Breathable material keeps you cool all day; Easy to pair with jeans or chinos,"men shirt, navy blue shirt, check pattern shirt, casual shirt, stylish shirt, cotton shirt, short sleeve shirt, button-down shirt, breathable fabric, men's fashion",ok,
39386,Peter England Men Party Blue Jeans,Men,Jeans,Trendy Peter England Blue Jeans for Men - Perfect Fit!,"Step out in confidence with the Peter England Men Party Blue Jeans, designed for the contemporary man who values style as much as comfort. These jeans feature a rich blue wash that adds versatility to your wardrobe, perfect for casual outings or parties. Crafted from high-quality denim, they offer a soft yet durable feel, ensuring long-lasting wear. The tailored fit flatters your physique, while the classic five-pocket design provides ample storage for your essentials. Dress them up with a shirt or keep it casual with a tee – these jeans are your go-to choice for any occasion. Make a statement and elevate your look effortlessly with Peter England.","Rich blue color for versatile styling; Tailored fit for a flattering silhouette; Durable, high-quality denim material; Classic five-pocket design for functionality; Perfect for casual and semi-formal events; Soft fabric for all-day comfort; Easy to pair with various outfits","Peter England jeans, men's blue jeans, party jeans, casual jeans, stylish denim, tailored fit jeans, versatile men's wear, comfortable jeans, high-quality denim, everyday jeans",ok,
59263,Titan Women Silver Watch,Women,Watches,Elegant Titan Women Silver Watch for Stylish Sophistication,"Discover timeless elegance with the Titan Women Silver Watch, a perfect blend of style and functionality. Featuring a sleek silver stainless steel case and bracelet, this watch is designed for the modern woman who values sophistication. The minimalist white dial is adorned with refined silver hour markers and hands, ensuring clarity and precision at a glance. With its durable construction, this watch is perfect for both everyday wear and special occasions. The adjustable bracelet guarantees a comfortable fit, making it an ideal accessory for any outfit. Whether you're dressing up for a night out or keeping it casual, this watch adds a touch of glamour to your look. Experience the confidence that comes with wearing a Titan watch, your perfect companion in every moment.",Sleek stainless steel construction for durability; Minimalist white dial with silver hour markers; Adjustable bracelet for a perfect fit; Water-resistant design for everyday use; Elegant and versatile for any occasion; Lightweight for comfortable wear; Comes in a stylish gift box,"Titan watch, women's silver watch, elegant women's watches, stainless steel watch, minimalist watch, stylish accessories, versatile watch, durable watches, elegant timepieces, fashion watches",ok,
21379,Manchester United Men Solid Black Track Pants,Men,Track Pants,Stylish Black Manchester United Men Track Pants,"Elevate your casual wardrobe with these Manchester United Men Solid Black Track Pants, designed for comfort and style. Made from soft, breathable fabric, these track pants feature an elastic waistband for a secure fit, ensuring they stay in place whether you're on the move or lounging at home. The sleek black design showcases the iconic Manchester United logo, making them perfect for fans who want to express their team spirit in a casual setting. The tapered legs offer a modern silhouette, while practical side pockets provide ultimate convenience for storing essentials. Ideal for workouts, casual wear, or supporting your favorite team, these track pants blend functionality with a sporty aesthetic.","Made from soft, breathable fabric for comfort; Elastic waistband for a secure fit; Stylish tapered legs for a modern look; Iconic Manchester United logo for team pride; Convenient side pockets for essentials; Versatile for workouts and casual outings; Available in various sizes for a perfect fit","Manchester United, men track pants, black track pants, sportswear, athletic wear, casual pants, comfortable trousers, fan apparel, breathable fabric, elastic waistband, tapered legs, stylish men's pants, active fashion",ok,
53759,Puma Men Grey T-shirt,Men,Tshirts,Stylish Puma Men Grey T-shirt – Perfect for Every Occasion,"Elevate your casual style with the Puma Men Grey T-shirt, designed for comfort and versatility. Crafted from a premium cotton blend, this T-shirt offers a soft, breathable feel that keeps you fresh throughout the day. Its sleek grey color is not only trendy but also pairs effortlessly with jeans, shorts, or joggers, making it an ideal choice for any outing, whether you're heading to the gym or out with friends. The iconic Puma logo adds a touch of sporty elegance, while the tailored fit ensures you look sharp and stylish. Enjoy the perfect fusion of fashion and functionality with this essential piece in your wardrobe.",Premium cotton blend for ultimate comfort; Trendy grey color that matches any outfit; Breathable fabric keeps you cool; Iconic Puma logo for a sporty look; Tailored fit enhances your silhouette; Durable stitching for long-lasting wear; Easy to care for – machine washable,"Puma T-shirt, men's grey t-shirt, casual wear, stylish shirt, comfortable t-shirt, sportswear, trendy apparel, cotton blend shirt, breathable tee, fitted t-shirt",ok,
1855,Inkfruit Mens Chain Reaction T-shirt,Men,Tshirts,Inkfruit Men's Chain Reaction T-Shirt - Trendy Graphic Tee,"Elevate your casual wardrobe with the Inkfruit Men's Chain Reaction T-shirt. Crafted from premium cotton, this tee combines comfort and style effortlessly. The eye-catching graphic design features a bold and colorful print that makes a statement, whether you're out with friends or lounging at home. The soft, breathable fabric ensures all-day comfort, while the classic fit provides the perfect silhouette for any body type. Pair it with jeans or shorts for a laid-back look that’s perfect for any occasion. This t-shirt isn’t just about style; it's designed to withstand wear and tear, making it a reliable choice for your everyday adventures.",100% premium cotton for ultimate comfort; Bold and vibrant Chain Reaction graphic; Classic fit that flatters all body types; Breathable fabric for all-day wear; Durable material that lasts through washes; Easy to pair with jeans or shorts; Available in multiple sizes,"men's t-shirt, graphic tee, trendy shirt, casual wear, breathable fabric, premium cotton, Inkfruit t-shirt, stylish graphic, durable t-shirt, comfortable men clothing",ok,
30805,Fabindia Men Striped Green Shirt,Men,Shirts,Stylish Striped Green Shirt for Men - Fabindia,"Elevate your wardrobe with the Fabindia Men Striped Green Shirt. Crafted from breathable cotton, this shirt features a sophisticated green hue complemented by elegant stripes, making it perfect for both casual and semi-formal occasions. The relaxed fit ensures all-day comfort, while the button-down collar adds a touch of refinement. Wear it tucked in for a polished look or out for a laid-back vibe. Whether you're headed to the office or a weekend gathering, this versatile shirt adapts to any setting. Easy to pair with jeans or chinos, it’s a must-have staple for any modern man's collection. Make a statement with your style and stay comfortable throughout the day!",Breathable cotton fabric for comfort; Elegant green color with stylish stripes; Relaxed fit for all-day wear; Button-down collar for a polished look; Versatile styling options for various occasions; Easy to pair with jeans or chinos; Machine washable for easy care,"Fabindia, men's striped shirt, green shirt, casual wear, breathable cotton, summer fashion, stylish men's shirts, comfortable fit, versatile shirts, fashion for men",ok,
26960,Jealous 21 Women Purple Shirt,Women,Shirts,Stylish Jealous 21 Women’s Purple Shirt,"Elevate your wardrobe with the Jealous 21 Women’s Purple Shirt. This chic top seamlessly blends comfort and style, making it an essential addition to any fashionista's collection. Crafted from lightweight, breathable fabric, it offers a soft touch against the skin while allowing you to stay cool throughout the day. The eye-catching purple hue adds a pop of color, perfect for casual outings or office wear. The stylish short sleeves and modern neckline add a touch of elegance, making it versatile for any occasion. Pair it effortlessly with your favorite jeans or dress it up with a skirt for a night out. Get ready to turn heads with this trendy piece!","Vibrant purple color for a stylish pop; Soft, breathable fabric for all-day comfort; Elegant short sleeves for a chic look; Modern neckline design for added flair; Versatile style suitable for casual and dressy occasions; Easy to pair with jeans, skirts, or shorts","purple shirt, women shirts, casual top, stylish clothing, Jealous 21, women's fashion, breathable fabric, elegant shirt, trendy outfit, short sleeve shirt",ok,
29114,Puma Men Pack of 3 Socks,Men,Socks,Puma Men Pack of 3 Comfortable Athletic Socks,"Elevate your everyday essentials with the Puma Men Pack of 3 Socks. Crafted for performance and comfort, these socks feature a sleek black design complemented by eye-catching grey stripes, ensuring you stay stylish whether you're at the gym, work, or lounging at home. Made from a breathable fabric blend, they provide optimal moisture-wicking properties, keeping your feet dry and comfortable all day long. The elastic arch support and cushioned soles enhance support and durability, making them perfect for any activity. With Puma's iconic logo prominently displayed, these socks are not just functional but also make a bold fashion statement. Slip into these must-have socks and experience the perfect blend of performance and style!",Pack of 3 for versatile daily wear; Durable and breathable fabric; Cushioned soles for added comfort; Moisture-wicking technology; Elastic arch support for better fit; Stylish black design with grey stripes; Puma logo adds a sporty touch,"Puma socks, men's socks, athletic socks, black socks, comfortable socks, moisture-wicking socks, pack of 3 socks, breathable socks, cushioned socks, sporty socks",ok,
30039,Skagen Men Black Watch,Men,Watches,Stylish Skagen Men Black Watch - Effortless Elegance,"Introducing the Skagen Men Black Watch, a perfect blend of sophisticated style and functionality. This sleek timepiece features a fully black design, including a minimalist dial and a durable silicone strap, effortlessly complementing any outfit. The watch’s lightweight construction ensures all-day comfort, making it ideal for both casual and professional settings. With its bold hour markers and refined hands, time is easy to read at a glance, giving you both practicality and elegance. Upgrade your accessory game with a watch that speaks of modern aesthetics and timeless appeal.",Minimalist all-black design for a sleek look; Durable silicone strap for maximum comfort; Lightweight construction ideal for everyday wear; Bold hour markers for easy readability; Water-resistant for daily activities; Perfect for casual or business attire; Easy-to-adjust strap for a custom fit,"Skagen, black watch, men's watches, stylish watch, minimalist design, durable watch, lightweight, water-resistant watch, modern accessories, timeless elegance",ok,
